name,prompt,negative_prompt,description,category
BASE_Anti_Futa,,"futanari, futa, dickgirl, penis, cock, erection, testicles, balls, futa cock, dickgirl",SELECT THIS to prevent futanari in generation. Does not affect futa-specific styles. Use with any female-only content.,BASE
BASE_Enhance,"(high detail:1.2), (sharp focus:1.1), intricate details, fine textures, crisp edges, refined rendering, enhanced clarity, detailed skin texture, detailed eyes, detailed hair strands, BREAK","blurry, out of focus, low detail, flat shading, low resolution, pixelated, muddy colors, washed out, noise, compression artifacts",Detail enhancer. Stack with any BASE_*_Quality to push detail level higher. Does not replace quality BASE — use alongside it. Combos: any style combination where you want extra crispness.,BASE
BASE_Format_Landscape,"(landscape composition:1.2), wide scene, horizontal framing, environmental storytelling, wide shot, scenic view","portrait, vertical framing, cropped",Landscape/wide format. Use with 1216x832 or 1344x768 resolution. Combos: SCENE_*; COMPOSITION_Negative_Space.,BASE
BASE_Format_Portrait,"(portrait composition:1.2), vertical framing, subject centered, upper body or face focus, portrait orientation","wide landscape, horizontal, panoramic",Portrait format hints. Use with 768x1152 or 832x1216 resolution. Combos: CAMERA_Face_Close; CAMERA_Three_Quarter.,BASE
BASE_Genderswap_FtM,"(genderswap:1.4), (female to male:1.3), (gender bender:1.2), 1boy, male version, rule 63, male presenting, masculine features, boy version of character, gender bent male","female, girl, feminine, 1girl",Female-to-male genderswap. Makes any character male. Combos: any ARCHETYPE for M version. Remove female BODY styles.,BASE
BASE_Genderswap_MtF,"(genderswap:1.4), (male to female:1.3), (gender bender:1.2), 1girl, female version, rule 63, feminine features, girl version of character, gender bent female, feminized","male, boy, masculine, 1boy",Male-to-female genderswap. Feminizes any character. Combos: any ARCHETYPE for F version. Add female BODY styles.,BASE
BASE_Illustrious_Quality,"masterpiece, best quality, very aesthetic, absurdres, newest, (detailed:1.2), (intricate:1.1), BREAK","lowres, (bad anatomy:1.3), (bad hands:1.4), (mutated hands:1.4), (extra fingers:1.5), (fused fingers:1.5), (missing fingers:1.5), text, error, cropped, worst quality, low quality, normal quality, jpeg artifacts, signature, watermark, username, blurry, (extra limbs:1.5), (missing limbs:1.4), (malformed limbs:1.4), (mutation:1.4), (deformed:1.4), black and white, grayscale, monochrome, desaturated",Base quality tags for Illustrious models,BASE
BASE_NoobAI_Quality,"very awa, year 2024, year 2025, newest, source_anime, absurdres, (high resolution:1.1), (intricate details:1.1), BREAK","worst aesthetic, bad aesthetic, lowres, year 2020, year 2021, year 2022, (bad anatomy:1.3), (bad hands:1.4), (extra fingers:1.5), (fused fingers:1.5), (missing fingers:1.5), (extra limbs:1.5), (malformed limbs:1.4), (bad proportions:1.3), (deformed:1.4), blurry, jpeg artifacts, text, watermark, signature, black and white, grayscale, monochrome, desaturated",Base quality for NoobAI XL V-Pred. Use CFG 1.5-3.0 + Rescale CFG 0.7 + Euler or DPM++ 2M + SGM Uniform,BASE
BASE_PonyV6_Quality,"score_9, score_8_up, score_7_up, source_anime, rating_explicit, (masterpiece:1.2), (best quality:1.2), absurdres, BREAK","score_4, score_5, score_6, source_cartoon, source_pony, source_furry, 3d, realistic, photorealistic, (bad anatomy:1.3), (bad hands:1.4), (mutated hands:1.4), (extra fingers:1.5), (fused fingers:1.5), (missing fingers:1.5), (extra limbs:1.5), (missing limbs:1.4), (extra legs:1.5), (extra arms:1.5), (malformed limbs:1.4), (bad proportions:1.3), (mutation:1.4), (deformed:1.4), (distorted:1.3), blurry, pixelated, jpeg artifacts, text, watermark, signature, username, black and white, grayscale, monochrome, desaturated",Base quality tags for Pony Diffusion V6,BASE
ACTION_Biting_Nape,"(biting nape:1.4), (neck bite:1.3), mating bite, scruff bite, dominance bite, teeth on neck, biting during sex, claiming bite, love bite on neck","no biting, gentle, no contact neck",Biting nape / neck — dominance and mating instinct. Combos: FURRY_ACTION_Mounting; FURRY_THEME_Pack_Alpha; FURRY_Wolf_Anthro.,ACTION
ACTION_Coiling,"(coiled around partner:1.4), (snake coils:1.3), body wrapped in coils, constricting gently, serpentine embrace, naga coil hold, squeezed in coils, tail loop around body","no tail, no coils, separate, human legs",Snake/naga coiling around partner. Combos: FURRY_Snake_Naga; FURRY_THEME_Predator_Prey; intimate restraint.,ACTION
ACTION_Egg_Insertion,"(egg insertion:1.4), (laying eggs inside:1.3), ovipositor, egg transfer, inserting eggs into partner, eggs entering body, egg bulge passing through, egg deposit","no eggs, mammal, normal sex, cum",Egg insertion / oviposition (furry-specific). Combos: FURRY_GENITALS_Egg_Laying; FURRY_Dragon_Anthro; FURRY_Bird_Harpy; FURRY_Snake_Naga.,ACTION
ACTION_Grooming,"(grooming:1.3), (licking fur:1.2), mutual grooming, cleaning partner, tongue bath, fur licking, intimate grooming, animal grooming behavior, preening","fighting, separate, ignoring, no contact",Grooming / licking partner — intimate animal bonding. Combos: FURRY_Cat_Anthro; FURRY_THEME_Pack_Bond; FURRY_ACTION_Long_Tongue.,ACTION
ACTION_Heat_Presenting,"(presenting in heat:1.4), (heat display:1.3), tail raised, genital display, lordosis, back arched offering, submission presenting, estrus display, in heat posture","standing normal, ignoring, no arousal, uninterested",Heat presenting — instinctive mating display. Combos: FURRY_THEME_Heat_Rut; POSE_All_Fours_Display; FURRY_ACTION_Scent_Marking.,ACTION
ACTION_Knotting,"(knotting:1.5), (knot insertion:1.4), pushing knot inside, knot stretching entrance, knot popping in, locking with knot, canine mating, breeding tie","pulled out, no knot, human, gentle, separated",Knotting — inserting/locking canine knot. THE iconic furry sex act. Combos: FURRY_GENITALS_Knot; FURRY_GENITALS_Cum_Knot_Lock.,ACTION
ACTION_Long_Tongue,"(long tongue:1.4), (prehensile tongue:1.3), extremely long tongue, tongue wrapped around, inhuman tongue length, thick long tongue, tongue extending far","short tongue, normal tongue, no tongue",Extremely long / prehensile tongue. Combos: FURRY_Frog_Anthro; FURRY_Snake_Naga; FURRY_Dragon_Anthro; ACTION_Cunnilingus.,ACTION
ACTION_Mounting,"(mounting:1.4), (mounted from behind:1.3), animal mating position, mounting partner, on top mounting, primal mounting, beast mount, feral mating stance","face to face, missionary, standing, side by side",Primal mounting — animal-style mating. Combos: FURRY_THEME_Primal; FURRY_THEME_Mating; POSE_Doggystyle.,ACTION
ACTION_Nesting,"(nesting:1.3), (building nest:1.2), cozy nest, blanket nest, pillow nest, maternal nesting, nesting instinct, egg nest, brooding over nest","outdoor, bare floor, standing, no bed",Nesting behavior. Combos: FURRY_Bird_Harpy; FURRY_Dragon_Anthro; FURRY_GENITALS_Egg_Laying; FURRY_THEME_Mating.,ACTION
ACTION_Pawjob,"(pawjob:1.4), (paw on cock:1.3), furry handjob, soft paw pads stroking, paw rubbing shaft, animal hand on penis, padded paw pleasuring","human hand, no paws, fingers, footjob",Pawjob — handjob with paws. Combos: any species with paws; FURRY_BODY_Fluffy (soft pads).,ACTION
ACTION_Purring,"(purring:1.3), (vibrating purr:1.2), contented purring, purr during sex, feline satisfaction, rumbling chest purr, pleasure purring, cat purr vibration","growling, hissing, silent, barking","Purring — feline contentment during intimacy. Visual cue: vibration lines, contented expression. Combos: FURRY_Cat_Anthro; FURRY_Panther_Anthro; FURRY_Lion_Anthro.",ACTION
ACTION_Scent_Marking,"(scent marking:1.3), (marking territory:1.2), rubbing scent, nuzzling to mark, claiming scent, pheromone release, territorial marking, musk","clean, no scent, odorless, sterile",Scent marking — territorial/claiming behavior. Combos: FURRY_THEME_Primal; FURRY_THEME_Pack_Alpha; FURRY_Wolf_Anthro; FURRY_Fox_Anthro.,ACTION
ACTION_Tail_Wag,"(tail wagging:1.3), (happy tail:1.2), excited tail, wagging motion, tail blur from speed, enthusiastic tail, pleased tail movement","tail still, no tail, tail down, drooping",Tail wagging — excitement/happiness indicator. Combos: FURRY_Dog_Anthro; FURRY_Fox_Anthro; FURRY_Wolf_Anthro; emotional states.,ACTION
ACTION_Tail_Wrap,"(tail wrapped around partner:1.3), (tail coiling:1.2), prehensile tail holding, tail embrace, tail around waist, tail around leg, affectionate tail curl, tail bondage","no tail, tail limp, tail hidden",Tail wrapping around partner — intimate or restraining. Combos: FURRY_Snake_Naga (coil); FURRY_Cat_Anthro; FURRY_Fox_Anthro (fluffy wrap).,ACTION
ACTION_Tongue_Bath,"(tongue bath:1.3), (full body licking:1.2), licking entire body, tongue all over, animal bathing, thorough licking, sensual tongue cleaning, wet tongue on skin","water bath, shower, no tongue, no contact",Full body tongue bath — primal cleaning/worship. Combos: FURRY_ACTION_Grooming; FURRY_ACTION_Long_Tongue; STATE_Sweaty_Wet.,ACTION
BODY_Ass_Huge,"1girl, (huge ass:1.4), (enormous butt:1.3), ass bigger than head, massive rear, oversized buttocks, extreme bubble butt, impossibly large ass","flat ass, small butt, normal proportions, petite",Exaggerated huge ass. Combos: BODY_Thicc_Voluptuous; CAMERA_Ass_Focus; ACTION_Ass_Worship; THEME_QoS_Lifestyle.,BODY
BODY_BBW,"(chubby anthro:1.3), (fat furry:1.2), plus-size anthro, round belly furry, soft body anthro, overweight furry, pudgy anthro, pillowy body","thin, athletic, muscular, slim",BBW / chubby furry body. Combos: FURRY_Bear_Anthro; FURRY_Pig_Anthro; FURRY_Cow_Anthro.,BODY
BODY_BBW_Plus_Size,"1girl, bbw, plus size, chubby, fat belly, thick body, soft belly, plump body, heavy body, chunky, big belly, love handles, thick arms, massive thighs","skinny, thin, slender, fit, toned, muscular, petite, penis",BBW and plus size body type,BODY
BODY_Digitigrade,"(digitigrade legs:1.4), (animal legs:1.3), walking on toes, reverse-jointed legs, paw feet, animal leg anatomy, digitigrade stance, hock-jointed legs","plantigrade, flat feet, human legs, human feet",Digitigrade leg anatomy — animal-jointed. Stacks with any species. Opposite of plantigrade (flat/human-like feet).,BODY
BODY_Fluffy,"(extra fluffy:1.4), (extremely fluffy fur:1.3), thick fluffy coat, puffy fur, dense soft fur, cloud-like fluffiness, voluminous fur, cotton-like fur body","smooth, sleek, scales, hairless, short fur, wet",Extra fluffy fur. Stacks with any furred species. Combos: FURRY_Moth_Anthro; FURRY_Sheep_Anthro; FURRY_Fox_Anthro; FURRY_Red_Panda_Anthro.,BODY
BODY_Hourglass_Perfect,"1girl, hourglass figure, perfect proportions, slim waist, wide hips, large breasts, balanced figure, stunning figure","flat, boxy, straight body, shapeless, (bad proportions:1.3), penis",Perfect hourglass proportions,BODY
BODY_Macro,"(macro furry:1.4), (giant anthro:1.3), enormous size, towering anthro, kaiju scale, building-sized furry, tiny people around, massive furry creature","normal size, small, micro, petite, average height",Macro / giant furry — kaiju-scale. Combos: FURRY_THEME_Size_Play; FURRY_Dragon_Anthro; FURRY_Elephant_Anthro.,BODY
BODY_Male_Average,"1boy, (average male body:1.2), normal male build, regular physique, everyday male, typical male body, not muscular, not fat, average male","female, extremely muscular, obese",Average male body. Universal for male characters. Combos: any GROUP; THEME_NTR_Cheating; SCENE setups.,BODY
BODY_Male_BBC,"1boy, (dark skinned male:1.4), (black male:1.3), (huge penis:1.4), (BBC:1.3), dark skin, muscular, large penis, veiny cock, massive dark cock, ebony skin","white skin, pale, small penis, female, average size",Black male with BBC — dedicated body style. Replaces manual THEME_Interracial_BBC + BODY_Male_Muscular stacking. Combos: THEME_QoS_Lifestyle; THEME_Interracial_BBC.,BODY
BODY_Male_Muscular,"1boy, (muscular male:1.3), (athletic male body:1.2), defined muscles, abs, broad shoulders, strong male body, fit male physique, six pack","female, fat, scrawny, skinny male",Muscular male body. Combos: RACE_Orc_Male; THEME_Maledom; GROUP_MMF; THEME_Interracial_BBC.,BODY
BODY_Micro,"(micro furry:1.4), (tiny anthro:1.3), miniature anthro, palm-sized furry, insect-scale, extremely small anthro, held in hand, micro size furry character","normal size, large, macro, giant, average",Micro / tiny furry — hand-sized. Combos: FURRY_THEME_Size_Play; FURRY_Mouse_Anthro; FURRY_BODY_Petite.,BODY
BODY_Muscular,"(muscular anthro:1.3), (athletic furry body:1.2), defined muscles under fur, strong build, powerful furry physique, broad shoulders, toned anthro, abs visible through fur","skinny, thin, frail, chubby, obese",Muscular furry body. Combos: FURRY_Wolf_Anthro; FURRY_Tiger_Anthro; FURRY_Lion_Anthro; FURRY_Horse_Anthro.,BODY
BODY_Muscular_Fit,"1girl, muscular female, athletic body, toned, abs, defined muscles, strong body, fit physique, amazon, six pack, firm body, biceps","soft, flabby, skinny, obese, penis",Muscular and athletic female,BODY
BODY_Petite,"(petite anthro:1.3), (small furry body:1.2), short stature anthro, tiny furry, delicate frame, small but adult, diminutive anthro","tall, large, muscular, macro, huge, underage",Petite / small adult furry body. Combos: FURRY_Mouse_Anthro; FURRY_Red_Panda_Anthro; FURRY_Gecko_Anthro.,BODY
BODY_Petite_Small,"1girl, petite body, small frame, short, small breasts, thin waist, delicate, tiny body, small stature, cute body","tall, large, big, bulky, muscular, penis, underage",Adult petite body type,BODY
BODY_Plantigrade,"(plantigrade legs:1.3), (flat footed anthro:1.2), human-like leg stance, flat feet anthro, full sole on ground, human proportioned legs with fur","digitigrade, reverse-jointed, hock legs, animal legs",Plantigrade leg anatomy — human-like foot placement. More humanized look. Stacks with any species.,BODY
BODY_Pregnant_Gravid,"1girl, pregnant, pregnant belly, gravid, (large belly:1.3), round belly, baby bump, swollen belly, maternal, expecting","flat stomach, slim belly, penis",Pregnant body state,BODY
BODY_Shortstack,"(shortstack anthro:1.3), (short curvy furry:1.2), petite but busty, short and thick, compact curvy anthro, small stature big curves, shortstack furry girl","tall, thin, flat, no curves, average height",Shortstack furry — short + very curvy. Combos: FURRY_Mouse_Anthro; FURRY_Raccoon_Anthro; FURRY_Goblin style.,BODY
BODY_Sleek,"(sleek anthro body:1.3), (smooth short fur:1.2), streamlined body, aerodynamic build, tight fur coat, lithe and smooth, glossy short fur, athletic lean","fluffy, long fur, bulky, chubby, rough",Sleek / streamlined furry body — short tight fur. Combos: FURRY_Panther_Anthro; FURRY_Shark_Anthro; FURRY_Dolphin_Anthro; FURRY_Otter_Anthro.,BODY
BODY_Tall_Amazon,"1girl, (tall female:1.3), (amazon body:1.2), towering height, very tall woman, long legs, dominant height, height advantage","short, petite, average height",Tall amazon body. Combos: THEME_Size_Difference; THEME_Femdom; BODY_Muscular_Fit.,BODY
BODY_Tanned,"1girl, (tanned skin:1.3), (tan lines:1.2), sun-kissed skin, bronzed skin, dark tan, bikini tan lines, brown skin from sun, golden brown skin","pale, white skin, albino, no tan",Tanned skin with optional tan lines. Combos: SCENE_Beach; CLOTHES_Micro_Bikini; ARCHETYPE_Gyaru. Note: for dark-skinned races use RACE styles instead.,BODY
BODY_Taur,"(taur body:1.4), (centaur-like anthro:1.3), four-legged lower body, furry centaur, anthro upper body on quadruped lower, taur form, four legs plus upper torso","biped, two legs, normal anthro, human","Taur body — anthro upper, quadruped lower (like centaur but any species). Combos: FURRY_Horse_Anthro; FURRY_Wolf_Anthro; FURRY_Dragon_Anthro.",BODY
BODY_Thicc,"(thicc anthro:1.3), (curvy furry body:1.2), wide hips anthro, thick thighs furry, voluptuous furry, plump anthro, heavy curves, large rear furry","thin, skinny, flat, petite, no curves",Thicc / curvy furry body. Combos: FURRY_Cow_Anthro; FURRY_Bear_Anthro; FURRY_Sheep_Anthro.,BODY
BODY_Thicc_Voluptuous,"1girl, voluptuous, thick thighs, wide hips, huge breasts, (curvy body:1.3), plump, soft body, hourglass figure, heavy breasts, meaty thighs, oppai, (smooth skin:1.1)","skinny, thin, slender, petite, flat chest, narrow hips, bony, penis, underage",Thick; curvy; voluptuous body type,BODY
BREASTS_Flat_Chest,"1girl, (flat chest:1.4), (no breasts:1.3), flat breasts, no chest, board flat, smooth chest, adult flat chest","large breasts, huge breasts, medium",Flat chest adult. Ensure adult character in prompt. Combos: BODY_Petite_Small; THEME_Size_Difference.,BREASTS
BREASTS_Huge_Focus,"1girl, (huge breasts:1.5), (gigantic breasts:1.4), (massive tits:1.4), oppai, breast focus, enormous breasts, sagging breasts, heavy breasts, bouncing breasts","flat chest, small breasts, medium breasts, male, penis",Extremely large breasts,BREASTS
BREASTS_Lactating,"1girl, lactating, breast milk, milk, leaking breasts, milk drops, dripping milk, engorged breasts, swollen nipples, lactation, milk squirt","dry, no milk, male, penis",Lactating breasts,BREASTS
BREASTS_Medium,"1girl, (medium breasts:1.2), average chest, normal breast size, moderate breasts, natural size breasts, proportional chest","huge, gigantic, flat, extremely large",Medium / average breasts. Universal natural size.,BREASTS
BREASTS_Natural_Sagging,"1girl, (sagging breasts:1.3), (natural droop:1.2), hanging breasts, drooping naturally, gravity-affected, natural sag, realistic heavy breasts","perky, uplifted, implants, perfect round",Natural sagging breasts. Combos: BODY_BBW_Plus_Size; BODY_Pregnant_Gravid; ARCHETYPE_Onee_San.,BREASTS
BREASTS_Nipples_Detailed,"1girl, detailed nipples, (erect nipples:1.3), hard nipples, puffy nipples, large areola, prominent nipples, perky nipples, nipple focus","flat, inverted, hidden, covered, male",Detailed nipple focus,BREASTS
BREASTS_Nipples_Inverted,"1girl, (inverted nipples:1.4), (retracted nipples:1.3), concave nipples, sunken nipples, indented nipples","erect nipples, protruding, normal nipples",Inverted nipples. Combos: BREASTS_Nipples_Detailed for detail focus.,BREASTS
BREASTS_Nipples_Pierced,"1girl, pierced nipples, nipple rings, (nipple piercing:1.2), silver nipple ring, metal piercing, decorated nipples, body jewelry","no piercings, covered, male, penis",Pierced nipples,BREASTS
BREASTS_Squeeze_Grope,"1girl, (breast groping:1.3), (squeezing breasts:1.2), hands on breasts, kneading breasts, fondling, breast massage, groped chest","no touching, untouched, solo no hands",Breast groping / squeeze. Combos: BREASTS_Huge_Focus; POSE_Missionary; GROUP setups.,BREASTS
CAMERA_Ass_Focus,"ass focus, (butt focus:1.3), rear view, ass shot, butt close up, from behind view, backside focus, booty shot","front view, face focus",Ass rear focus,CAMERA
CAMERA_Breast_Focus,"1girl, breast focus, (chest focus:1.3), boob shot, cleavage focus, tit close up, chest detail, breasts framed","face focus, full body",Breast focus,CAMERA
CAMERA_Dutch_Angle,"(dutch angle:1.3), (tilted camera:1.2), canted framing, rotated frame, diagonal horizon, slanted perspective, dramatic tilt","straight horizon, level camera, flat angle",Dutch angle. Combos: STYLE_Dark_Fantasy; NTR scenarios; STYLE_Noir_BW.,CAMERA
CAMERA_Face_Close,"face focus, (facial close up:1.3), close up on face, expression focus, head shot, portrait, face detail","full body, distant",Face close up,CAMERA
CAMERA_From_Above,"from above, bird's eye view, overhead view, looking down, top down view, aerial view, downward angle","from below, eye level",From above angle,CAMERA
CAMERA_From_Below,"from below, low angle, upward view, looking up, worm's eye view, shot from ground, beneath view, under view","from above, eye level",From below angle,CAMERA
CAMERA_Full_Body,"full body, head to toe, entire body visible, complete figure, full body shot, whole body in frame","close up, cropped, partial",Full body view,CAMERA
CAMERA_Looking_Back,"(looking back:1.3), (looking back at viewer:1.2), turned head, glancing over shoulder, backward glance, head turned to look behind, rear-facing head turn","facing forward, front view, looking away from viewer",Character looking back at viewer. Works with any rear-facing pose. Combos: POSE_Doggystyle; POSE_Bent_Over; CAMERA_Ass_Focus; POSE_All_Fours_Display.,CAMERA
CAMERA_Over_Shoulder,"(over shoulder POV:1.3), (behind shoulder angle:1.2), camera behind character shoulder, looking over shoulder, perspective from behind and side","front face view, direct front POV",Over-shoulder angle. Combos: ACTION_Penetration_Vaginal from behind; POSE_Doggystyle; NTR scenes.,CAMERA
CAMERA_POV,"POV, (first person view:1.3), from viewer perspective, viewer POV, your POV, seen from viewer, POV angle, looking at viewer","third person, side view, distant",POV first person,CAMERA
CAMERA_Penetration_Xray,"x-ray view, (cross section:1.4), internal view, see-through, penis inside view, cutaway, transparent view, internal penetration visible, anatomical view","external only, normal view",X-ray cross section,CAMERA
CAMERA_Pussy_Focus,"1girl, pussy focus, (genitals focus:1.3), close up pussy, pussy shot, crotch focus, vulva close up, intimate detail, macro genitals","face focus, full body, distant",Pussy close up,CAMERA
CAMERA_Side_Profile,"side view, profile, side angle, from side, lateral view, sideways, profile view, side perspective","front view, from behind",Side profile,CAMERA
CAMERA_Split_Screen_Worship,"split screen, panel divide, (left panel: cheek kiss, affectionate:1.2), (right panel: cock worship, fellatio:1.2), contrast panels, diptych, BREAK split composition, comparison","single frame, no split",Split screen cheek to cock worship,CAMERA
CAMERA_Taker_POV,"(taker pov:1.3), (receiver pov:1.2), from below during sex, looking up at partner, bottom perspective, receiving end viewpoint, submissive camera angle","top perspective, from above, dominant POV",POV from the receiving/bottom perspective — looking up at the person on top. Combos: POSE_Cowgirl; ACTION_Facesitting; CAMERA_From_Below; THEME_Femdom.,CAMERA
CAMERA_Three_Quarter,"(three quarter view:1.3), 3/4 angle, between side and front, diagonal portrait angle, slightly turned, 45 degree face angle","direct front, direct side, full profile",3/4 portrait angle — most flattering for character portraits. Combos: ARCHETYPE_*; CAMERA_Full_Body.,CAMERA
CAMERA_Viewfinder_Rec,"recording, REC icon overlay, viewfinder interface, (camera pov:1.2), battery indicator, filming, phone recording, video interface, recording ui","no overlay, screenshot, no interface, camera head, head replaced by camera, camera for head, camera body, robot camera head",Recording viewfinder overlay,CAMERA
CLOTHES_Collar,"(furry collar:1.3), (pet collar:1.2), species-themed collar, bone tag, paw print tag, bell collar, studded collar for anthro, ownership collar","no collar, necklace, chain, free neck",Furry-themed collar with tag/bell. Combos: FURRY_Dog_Anthro; FURRY_Cat_Anthro; FURRY_THEME_Pet_Play.,CLOTHES
CLOTHES_Feather_Adornment,"(feather accessories:1.3), (feathered adornments:1.2), feather headdress, feathers in hair, decorative plumes, feather necklace, feather earrings, avian jewelry","no feathers, plain, modern jewelry",Feather adornments / accessories. Combos: FURRY_Bird_Harpy; FURRY_Phoenix_Anthro; FURRY_MARKINGS_Tribal.,CLOTHES
CLOTHES_Harness,"(body harness:1.3), (anthro harness:1.2), chest harness, leather straps on furry body, harness over fur, strappy harness, furry bondage harness","full clothing, nude, no straps, armor",Body harness on anthro. Combos: FURRY_BODY_Muscular; FURRY_THEME_Pet_Play; THEME_BDSM_Bondage.,CLOTHES
CLOTHES_Muzzle_Strap,"(muzzle strap:1.3), (snout restraint:1.2), mouth muzzle, jaw restrictor, bite prevention, leather muzzle, face harness, muzzled anthro","free mouth, open muzzle, no restraint",Muzzle strap / jaw restraint — BDSM accessory for anthro characters. Combos: FURRY_THEME_Pet_Play; THEME_BDSM_Bondage; FURRY_CLOTHES_Harness.,CLOTHES
CLOTHES_Paw_Gloves,"(paw gloves:1.3), (furry mittens:1.2), paw-shaped handwear, soft padded gloves, fingerless paw gloves, cute paw mittens, toe bean gloves","bare hands, human gloves, claws only",Paw gloves / mittens. Combos: any species; FURRY_CLOTHES_Collar; cute aesthetic.,CLOTHES
CLOTHES_Scale_Armor,"(scale armor:1.3), (dragonscale armor:1.2), reptile-themed armor, scaled plates, dragon armor pieces, fantasy scale mail, organic-looking armor","nude, modern, fabric, no armor",Scale armor — organic/fantasy look for reptile species. Combos: FURRY_Dragon_Anthro; FURRY_Lizard_Anthro; STYLE_Dark_Fantasy.,CLOTHES
CLOTHES_Tail_Sleeve,"(tail accessory:1.3), (decorated tail:1.2), tail sleeve, ribbon on tail, tail ring, tail jewelry, bowed tail, tail cuff, ornamental tail decoration","bare tail, no decoration, no tail","Tail accessory / decoration — ribbons, rings, sleeves. Combos: any tailed species.",CLOTHES
CLOTHES_Tribal_Garb,"(tribal clothing:1.3), (primitive outfit:1.2), loincloth, bone jewelry, feather accessories, leather wraps, fur trim garment, primal warrior outfit","modern, formal, tech, full coverage",Tribal / primitive garb. Combos: FURRY_MARKINGS_Tribal; FURRY_THEME_Primal; SCENE_Forest_Outdoor.,CLOTHES
EXPRESSION_Angry,"(angry expression:1.3), (furious face:1.2), scowling, rage, anger, bared teeth, glaring, aggressive expression, fierce anger, wrathful","calm, happy, neutral, submissive",Angry expression. Combos: ACTION_Angry_Dragon; THEME_Femdom; ARCHETYPE_Demon_Queen. Conflicts: STATE_Ahegao_Extreme.,EXPRESSION
EXPRESSION_Contemptuous,"(contemptuous expression:1.3), sneering, curled lip, disdainful, looking down with contempt, withering look, haughty stare","respectful, friendly, warm",Contempt — stronger than Disapproval. Combos: THEME_Femdom; ARCHETYPE_Dominatrix; EXPRESSION_Smug.,EXPRESSION
EXPRESSION_Crying_Smiling,"(crying while smiling:1.4), (tears with smile:1.3), sad smile, bittersweet expression, tears down smiling face, emotional conflict face","purely happy, purely sad, neutral",Crying while smiling — Japanese emotional contrast trope. Combos: NTR scenarios; THEME_Corruption_Moral.,EXPRESSION
EXPRESSION_Disapproval,"(disapproving expression:1.3), judging look, condescending stare, (frowning:1.2), eyebrow raised, disgusted side-eye, scornful, contemptuous, looking down at, judgmental face","happy, positive, friendly, approving",Disapproval / condemnation expression. Combos: EXPRESSION_Smug; THEME_Femdom; NTR scenarios; ARCHETYPE_Demon_Queen.,EXPRESSION
EXPRESSION_Embarrassed,"embarrassed, (blushing:1.3), covering face, shy expression, ashamed, flustered, looking away, red-faced, embarrassed smile","confident, calm, proud, neutral",Embarrassed expression,EXPRESSION
EXPRESSION_Fear,"(fear expression:1.3), (terrified face:1.2), scared, frightened, wide fearful eyes, trembling lips, terror expression","calm, confident, neutral, brave",Fear / terror. Combos: THEME_Non_Con; THEME_Monster_Tentacle; NTR_Caught_In_Act.,EXPRESSION
EXPRESSION_Fellatio_Face,"(fellatio face:1.3), (open mouth waiting:1.2), tongue out ready, mouth open wide, expecting oral, receptive mouth expression, jaw open inviting","closed mouth, neutral, actual fellatio in progress","Fellatio-ready face — mouth open, tongue out, waiting. The expression without the action. Combos: CAMERA_POV; ACTION_Dick_Touch_Face; POSE_On_Knees.",EXPRESSION
EXPRESSION_Fucked_Silly,"fucked silly, ahegao, (eyes rolled back:1.3), tongue out, drooling, mind break expression, stupid face, overwhelmed expression, derp","composed, sane, neutral, scared",Fucked silly expression,EXPRESSION
EXPRESSION_Inviting,"(inviting expression:1.3), (come hither look:1.2), beckoning, seductive invitation, bedroom eyes invitation, finger beckoning, flirtatious inviting gaze","rejecting, angry, scared, neutral, distant",Inviting / 'come here' expression. Combos: STATE_Lustful_Face; THEME_Teasing; POSE_Spread_Legs; SCENE_Bedroom.,EXPRESSION
EXPRESSION_Kissing_Face,"(kissing face:1.3), (puckered lips:1.2), duck lips, lips puckered for kiss, pouty lips, kiss-ready mouth, blowing a kiss","open mouth, neutral lips, teeth showing",Puckered / kiss-ready lips. Combos: CAMERA_Face_Close; THEME_Vanilla_Romance; ACTION_Kissing.,EXPRESSION
EXPRESSION_Lustful,"1girl, (lustful face:1.3), heavy breathing, flushed cheeks, bitten lip, (heart eyes:1.2), seductive expression, desire in eyes, bedroom eyes, craving look","neutral, disgusted, afraid, calm",Visible desire — heart eyes; bitten lip; seductive expression. More intense than STATE_Lustful_Face. Combos: STATE_Blushing_Flushed; LIGHTING_Soft_Warm.,EXPRESSION
EXPRESSION_Mischievous,"(mischievous grin:1.3), (playful smirk:1.2), impish smile, knowing smile, troublemaker expression, sly smile, playful devious look","serious, scared, neutral, crying",Mischievous / impish grin. Combos: ARCHETYPE_Catgirl; THEME_Teasing.,EXPRESSION
EXPRESSION_Nervous,"(nervous expression:1.3), (anxious face:1.2), biting lip nervously, worried eyes, uncertain, fidgeting, uneasy smile, tense","confident, calm, relaxed, bold",Nervous / anxious expression. Combos: THEME_Virginity; THEME_Student_Teacher; EXPRESSION_Embarrassed; STATE_Blushing_Flushed.,EXPRESSION
EXPRESSION_Smug,"smug face, (smirk:1.2), confident expression, self-satisfied, condescending smile, smug grin, superior look, overconfident","humble, neutral, afraid, crying",Smug expression,EXPRESSION
EXPRESSION_Surprised,"surprised expression, (wide eyes:1.2), shocked face, open mouth shock, startled, caught off guard, unexpected, jaw drop","calm, neutral, composed, expected",Surprised expression,EXPRESSION
EXPRESSION_Vacant,"(vacant expression:1.3), (empty stare:1.2), hollow gaze, staring into nothing, disconnected expression, dissociated look, blank unfocused eyes","alert, focused, emotional, engaged",Vacant / empty stare — subtler than STATE_Mind_Break. Combos: THEME_Somnophilia; THEME_Mind_Control; STATE_Hypnotized.,EXPRESSION
FLUIDS_Anal_Creampie,"(anal creampie:1.4), (cum dripping from ass:1.3), cum leaking from anus, semen from asshole, ass dripping cum, anal internal cum","vaginal creampie, clean, dry",Anal creampie. Combos: ACTION_Penetration_Anal; GENITALS_Anus_Focus; POSE_Ass_Up_Face_Down.,FLUIDS
FLUIDS_Body_Cumshot,"cum on body, (cum on breasts:1.2), cum on stomach, cum on ass, body covered in cum, semen on skin, cum on thighs, messy body","clean body, no cum, dry",Cum on body,FLUIDS
FLUIDS_Creampie_Dripping,"creampie, (cum dripping from pussy:1.4), leaking cum, cum flowing out, pussy dripping semen, after sex, cum oozing, internal cumshot aftermath, overflowing pussy","clean, dry, no cum, empty",Dripping creampie,FLUIDS
FLUIDS_Cum_In_Mouth,"(cum in mouth:1.4), (mouthful of cum:1.3), semen in mouth, mouth filled with cum, cumshot in mouth, oral cum reception, cum on tongue, open mouth with cum","clean mouth, no cum, swallowed",Cum in mouth. Combos: ACTION_Oral_Blowjob; ACTION_Deepthroat; STATE_Pleasure_Ecstasy.,FLUIDS
FLUIDS_Cum_Inflation,"(cum inflation:1.4), (inflated belly:1.3), bloated stomach, belly bulge from cum, stomach distension, cum-filled belly, swollen belly, excessive internal cumshot","flat stomach, normal belly, empty",Cum belly inflation,FLUIDS
FLUIDS_Cum_On_Feet,"(cum on feet:1.4), (semen on toes:1.3), cum between toes, cum on soles, cum dripping from feet, sticky feet, cum-covered feet","clean feet, no cum, dry",Cum on feet/toes. Combos: ACTION_Footjob; CLOTHES_Bare_Feet; FLUIDS_Body_Cumshot.,FLUIDS
FLUIDS_Cum_On_Hair,"(cum on hair:1.3), (semen in hair:1.2), cum dripping on hair, cum covered hair, hair matted with cum","clean hair, no cum, dry hair",Cum on hair. Combos: FLUIDS_Excessive_Cum; FLUIDS_Facial_Cumshot; STATE_Exhausted_Used.,FLUIDS
FLUIDS_Excessive_Cum,"(excessive cum:1.4), (cum everywhere:1.3), covered in cum, cum bath, drenched in semen, cum puddle, bukkake, cum explosion, thick cum, cum dripping, cum covered body","clean, dry, no cum, minimal",Excessive cum coverage,FLUIDS
FLUIDS_Facial_Cumshot,"facial, cum on face, (cumshot on face:1.3), covered face, cum facial, semen on face, messy face, cum splattered face","clean face, no cum on face",Facial cumshot,FLUIDS
FLUIDS_Pussy_Juice,"1girl, pussy juice, (dripping pussy:1.3), wet pussy, love juice, female fluids, vaginal secretions, dripping wetness, soaking wet, glistening pussy, excessive wetness","dry, clean, no fluids",Female arousal fluids,FLUIDS
FLUIDS_Saliva_Drool,"saliva, (excessive drooling:1.3), drool, spit, dripping saliva, mouth watering, saliva strings, wet mouth, messy drool, slobber","dry mouth, clean, no drool",Excessive drool and saliva,FLUIDS
FLUIDS_Squirting,"1girl, (squirting:1.4), female ejaculation, gushing, pussy squirt, orgasmic squirt, explosive orgasm, squirt spray, intense squirting","dry, no squirt",Female ejaculation squirting,FLUIDS
FLUIDS_Swallowing,"1girl, (swallowing cum:1.3), (gulping semen:1.2), drinking cum, swallow after oral, throat swallow, cum going down throat","spitting, clean, no cum",Swallowing cum. Post-oral finish. Combos: ACTION_Oral_Blowjob; ACTION_Deepthroat; EXPRESSION_Lustful.,FLUIDS
FLUIDS_Urine,"(urine:1.3), (piss stream:1.2), golden shower fluid, watersports fluid, stream of urine visible, golden liquid stream","clean, dry, no urine",Urine fluid. Pairs with ACTION_Urination. Combos: SCENE_Toilet_Public; POSE_Squat_Toilet.,FLUIDS
FURRY_Axolotl_Anthro,"(anthro axolotl:1.4), (anthropomorphic axolotl:1.3), external gills, frilly gill stalks, wide smile, smooth pink skin, amphibian anthro, cute axolotl features, neotenic salamander","human, no gills, dry skin, fur, scales hard","Axolotl anthro — gill frills, permanently cute/smiling. Combos: FURRY_MARKINGS_Albino; FURRY_SCENE_Underwater; FURRY_BODY_Petite.",FURRY
FURRY_Bat_Anthro,"(anthro bat:1.4), (anthropomorphic bat:1.3), bat wings, large bat ears, bat muzzle, wing membrane, nocturnal anthro, echolocation, chiroptera anthro, leathery wings","human, no wings, bird, feathers",Bat anthro. Combos: LIGHTING_Dim_Dark; LIGHTING_Night_Moonlit; SCENE_Cave; FURRY_THEME_Nocturnal.,FURRY
FURRY_Bear_Anthro,"(anthro bear:1.4), (anthropomorphic bear:1.3), bear girl furry, bear muzzle, thick fur body, bear ears, bear claws, ursine anthro, furred bear character","human, no fur, slim, smooth",Anthropomorphic bear. Combos: BODY_BBW_Plus_Size (natural pairing); BODY_Muscular_Fit. Note: remove BASE_Anti_Furry.,FURRY
FURRY_Bird_Harpy,"(harpy:1.3), (bird anthro:1.2), wing arms, feathered wings, bird legs, talons, feathered body, avian features, harpy girl","human, no feathers, no wings, mammal",Harpy / bird anthro. Combos: SCENE_Public_Outdoor; LIGHTING_Volumetric_Rays; BODY_Muscular_Fit.,FURRY
FURRY_Cat_Anthro,"(anthro cat:1.4), (anthropomorphic cat:1.3), catgirl furry, cat muzzle, cat ears full, cat tail, feline body, fur body, neko anthro, full cat features, furred skin","human, no fur, smooth skin",Full anthro cat (vs ARCHETYPE_Catgirl which is human with cat ears). Note: remove BASE_Anti_Furry.,FURRY
FURRY_Cow_Anthro,"(anthro cow:1.4), (anthropomorphic cow:1.3), cow girl furry, cow horns, cow ears, cow tail, udder optional, bovine anthro, spotted fur, cow muzzle, cattle anthro","human, no horns, horse, no spots",Cow / bovine anthro. Natural pairing with lactation. Combos: BREASTS_Lactating; FURRY_BODY_Thicc; FURRY_ACTION_Milking.,FURRY
FURRY_Crocodile_Anthro,"(anthro crocodile:1.4), (anthropomorphic crocodile:1.3), crocodile snout, armored scales, powerful jaws, reptile tail thick, crocodilian anthro, alligator anthro, tough hide","human, no scales, mammal, soft skin, lizard",Crocodile / alligator anthro. Combos: FURRY_BODY_Muscular; FURRY_SCENE_Swamp; FURRY_MARKINGS_Scales.,FURRY
FURRY_Deer_Anthro,"(anthro deer:1.4), (anthropomorphic deer:1.3), deer antlers, deer ears, fawn markings, cervine anthro, spotted deer fur","human, no antlers, no fur, wolf",Deer anthro. Combos: SCENE_Forest_Outdoor; LIGHTING_Soft_Warm; FURRY_Wolf_Anthro.,FURRY
FURRY_Dog_Anthro,"(anthro dog:1.4), (anthropomorphic dog:1.3), dog girl furry, dog muzzle, floppy dog ears, dog tail wagging, canine anthro, domestic dog, puppy girl, loyal dog anthro","human, no fur, wolf, fox, cat",Domestic dog anthro — more friendly/cute than Wolf. Combos: FURRY_CLOTHES_Collar; FURRY_ACTION_Tail_Wag; FURRY_THEME_Pet_Play.,FURRY
FURRY_Dolphin_Anthro,"(anthro dolphin:1.4), (anthropomorphic dolphin:1.3), dolphin snout, smooth grey skin, dorsal fin, dolphin tail fluke, sleek aquatic body, cetacean anthro, glossy skin","human, fur, shark, fish scales, rough skin","Dolphin anthro — smooth, aquatic. Combos: FURRY_SCENE_Underwater; LIGHTING_Underwater; FURRY_BODY_Sleek.",FURRY
FURRY_Dragon_Anthro,"(anthro dragon:1.4), (anthropomorphic dragon:1.3), dragon furry, scales body, draconic features, dragon snout, dragon wings, horns, scaly skin dragon, dragon anthro character","human, no scales, smooth skin, elven",Anthropomorphic dragon. Combos: THEME_Monster_Tentacle; large size themes. Note: remove BASE_Anti_Furry.,FURRY
FURRY_Elephant_Anthro,"(anthro elephant:1.4), (anthropomorphic elephant:1.3), elephant ears large, trunk, tusks, thick grey skin, pachyderm anthro, massive build, elephantine features","human, small ears, no trunk, slim",Elephant anthro. Naturally massive build. Combos: FURRY_BODY_Muscular; FURRY_BODY_Macro; FURRY_THEME_Size_Play.,FURRY
FURRY_Fox_Anthro,"(anthro fox:1.4), (anthropomorphic fox:1.3), fox girl furry, fox muzzle, fur covered body, fox ears prominent, fluffy fox tail, canine features, fox anthro character, furred body","human, no fur, elf, smooth skin",Anthropomorphic fox / kitsune furry. Combos: FURRY_Wolf_Anthro (wolf pack); any ACTION. Note: remove BASE_Anti_Furry.,FURRY
FURRY_Frog_Anthro,"(anthro frog:1.4), (anthropomorphic frog:1.3), wide frog mouth, bulging eyes, smooth moist skin, webbed hands, frog anthro, amphibian features, long tongue","human, dry skin, fur, scales, mammal",Frog / toad anthro. Combos: FURRY_SCENE_Swamp; FURRY_ACTION_Long_Tongue; FURRY_MARKINGS_Bioluminescent.,FURRY
FURRY_Gecko_Anthro,"(anthro gecko:1.4), (anthropomorphic gecko:1.3), gecko toe pads, large gecko eyes, spotted skin, small lizard muzzle, smooth scales, gecko tail detachable, colorful gecko anthro","human, fur, feathers, dragon, large reptile","Gecko anthro — sticky pads, big eyes. Smaller/cuter than Lizard_Anthro. Combos: FURRY_BODY_Petite; FURRY_MARKINGS_Spots; FURRY_MARKINGS_Bioluminescent.",FURRY
FURRY_Goat_Anthro,"(anthro goat:1.4), (anthropomorphic goat:1.3), goat horns curved, goat ears, goat hooves, short goat tail, caprine anthro, satyr-like, goat fur, horizontal slit pupils","human, no horns, deer, cow, sheep",Goat / satyr anthro. Combos: FURRY_THEME_Primal; STYLE_Dark_Fantasy; SCENE_Forest_Outdoor.,FURRY
FURRY_Horse_Anthro,"(anthro horse:1.4), (anthropomorphic horse:1.3), horse muzzle, horse tail, equine body, horse ears, mane hair, hooves, equine features","human, no muzzle, no mane, small",Horse anthro. Combos: BODY_Tall_Amazon; BODY_Muscular_Fit; THEME_Size_Difference.,FURRY
FURRY_Hyena_Anthro,"(anthro hyena:1.4), (anthropomorphic hyena:1.3), hyena muzzle, rounded ears, spotted fur, hyena mane, strong jaw, hyena tail, gnoll-like, cackling hyena anthro","human, no fur, wolf, dog, cat",Hyena / gnoll anthro. Naturally aggressive/dominant. Combos: FURRY_BODY_Muscular; FURRY_MARKINGS_Spots; FURRY_THEME_Pack_Alpha.,FURRY
FURRY_Lion_Anthro,"(anthro lion:1.4), (anthropomorphic lion:1.3), lion mane, lion muzzle, golden fur, lion tail tufted, large paws, feline powerful build, regal lion anthro, king of beasts","human, no mane, wolf, domestic cat, no fur","Lion anthro — regal, powerful. Combos: FURRY_BODY_Muscular; FURRY_MARKINGS_Golden; FURRY_THEME_Pack_Alpha.",FURRY
FURRY_Lizard_Anthro,"(anthro lizard:1.4), (anthropomorphic lizard:1.3), lizard girl furry, reptile anthro, scaly body, lizard scales, reptilian features, gecko anthro, scaly skin reptile, cold-blooded anthro","human, no scales, mammal",Anthropomorphic lizard/reptile. Combos: FURRY_Dragon_Anthro (similar but smaller scale). Note: remove BASE_Anti_Furry.,FURRY
FURRY_Moth_Anthro,"(anthro moth:1.4), (anthropomorphic moth:1.3), large moth wings, fluffy moth body, feathered antennae, compound eyes, moth fur, lepidoptera anthro, soft fluffy thorax, powder-covered wings","human, butterfly, no wings, no antennae, bat","Moth anthro — fluffy, soft. Popular for cute/fluffy aesthetic. Combos: LIGHTING_Night_Moonlit; FURRY_MARKINGS_Bioluminescent; FURRY_BODY_Fluffy.",FURRY
FURRY_Mouse_Anthro,"(anthro mouse:1.4), (anthropomorphic mouse:1.3), round mouse ears, small muzzle, thin mouse tail, tiny nose, mouse whiskers, small rodent anthro, petite mouse girl","human, no ears, large, rabbit, cat",Mouse / rat anthro — naturally petite. Combos: FURRY_BODY_Petite; FURRY_THEME_Size_Play; FURRY_BODY_Shortstack.,FURRY
FURRY_Orca_Anthro,"(anthro orca:1.4), (anthropomorphic orca:1.3), black and white skin, orca markings, dorsal fin, killer whale anthro, sleek body, cetacean features, orca tail fluke","human, fur, shark, dolphin grey only",Orca / killer whale anthro. Distinctive black+white markings. Combos: FURRY_SCENE_Underwater; FURRY_BODY_Muscular; FURRY_MARKINGS_Piebald.,FURRY
FURRY_Otter_Anthro,"(anthro otter:1.4), (anthropomorphic otter:1.3), otter muzzle, sleek wet fur, webbed paws, otter tail flat, playful otter, mustelid anthro, smooth water-repellent fur","human, no fur, dry, cat, large","Otter anthro — playful, aquatic. Combos: FURRY_SCENE_Underwater; FURRY_BODY_Sleek; SCENE_Beach.",FURRY
FURRY_Panther_Anthro,"(anthro panther:1.4), (anthropomorphic panther:1.3), sleek black fur, golden eyes, panther muzzle, lithe feline body, black cat anthro, melanistic big cat, jaguar anthro","human, no fur, lion, spotted, light colored","Panther / black jaguar anthro — sleek, dark. Combos: FURRY_MARKINGS_Melanistic; LIGHTING_Dim_Dark; FURRY_BODY_Sleek.",FURRY
FURRY_Phoenix_Anthro,"(anthro phoenix:1.4), (anthropomorphic phoenix:1.3), flaming feathers, fire wings, golden-red plumage, blazing tail feathers, phoenix crest, ember eyes, mythical fire bird anthro","human, no feathers, no fire, ice, bat wings",Phoenix anthro — fire/mythical bird. Combos: LIGHTING_Fire_Glow; FURRY_MARKINGS_Bioluminescent; STYLE_Dark_Fantasy.,FURRY
FURRY_Pig_Anthro,"(anthro pig:1.4), (anthropomorphic pig:1.3), pig snout, pig ears, curly pig tail, pink skin, pig nose, porcine anthro, boar tusks optional, round pig body","human, no snout, cow, horse, slim",Pig / boar anthro. Combos: FURRY_BODY_Thicc; FURRY_BODY_BBW; SCENE_Farm variant.,FURRY
FURRY_Rabbit_Anthro,"(anthro rabbit:1.4), (anthropomorphic bunny:1.3), bunny girl furry, rabbit muzzle, long rabbit ears, bunny tail, fluffy body, rabbit anthro, lagomorph anthro","human, ARCHETYPE_Bunny_Girl (that is human with ears), no fur",Anthro rabbit (full furry; different from ARCHETYPE_Bunny_Girl). Note: remove BASE_Anti_Furry.,FURRY
FURRY_Raccoon_Anthro,"(anthro raccoon:1.4), (anthropomorphic raccoon:1.3), raccoon mask markings, ringed tail, small muzzle, raccoon ears, bandit mask face, dark eye patches, procyonid anthro","human, no mask markings, cat, fox",Raccoon anthro — bandit mask markings. Combos: FURRY_MARKINGS_Mask_Face; FURRY_THEME_Mischief; SCENE_Alley_Street.,FURRY
FURRY_Red_Panda_Anthro,"(anthro red panda:1.4), (anthropomorphic red panda:1.3), red-brown fur, fluffy ringed tail, round ears, white face markings, red panda muzzle, adorable red panda, ailurid anthro","human, no fur, giant panda, raccoon, fox","Red panda anthro — adorable, fluffy. Combos: FURRY_BODY_Fluffy; FURRY_BODY_Petite; FURRY_MARKINGS_Bicolor.",FURRY
FURRY_Shark_Anthro,"(anthro shark:1.4), (anthropomorphic shark:1.3), shark teeth, gill slits, shark fin, grey shark skin, shark tail, shark girl anthro","human, no fins, mammal, soft",Shark anthro. Combos: SCENE_Beach; LIGHTING_Underwater; EXPRESSION_Angry.,FURRY
FURRY_Sheep_Anthro,"(anthro sheep:1.4), (anthropomorphic sheep:1.3), fluffy wool body, sheep ears, small horns curled, sheep tail, wooly coat, lamb anthro, ovine anthro, soft fleece body","human, no wool, goat straight horns, smooth skin",Sheep / lamb anthro — extremely fluffy. Combos: FURRY_BODY_Fluffy; FURRY_BODY_Thicc; FURRY_THEME_Pet_Play.,FURRY
FURRY_Snake_Naga,"(naga:1.4), (lamia:1.3), serpent lower body, coiled snake tail, scales, snake tongue, snake woman, reptile coil body, serpentine lower half","human legs, no tail, no scales",Naga / lamia snake body. Combos: SCENE_Dungeon_Basement; THEME_Monster_Tentacle.,FURRY
FURRY_Squirrel_Anthro,"(anthro squirrel:1.4), (anthropomorphic squirrel:1.3), large bushy tail, squirrel ears tufted, small muzzle, buck teeth, squirrel anthro, sciurid anthro, acorn cheeks","human, no tail, cat, mouse, thin tail",Squirrel anthro — bushy tail. Combos: FURRY_BODY_Petite; SCENE_Forest_Outdoor; FURRY_MARKINGS_Bicolor.,FURRY
FURRY_Tiger_Anthro,"(anthro tiger:1.4), (anthropomorphic tiger:1.3), tiger stripes, orange and black fur, tiger muzzle, powerful feline body, striped tail, large paws, tiger anthro, fierce predator","human, no stripes, lion, wolf, plain fur","Tiger anthro — striped, powerful. Combos: FURRY_BODY_Muscular; FURRY_MARKINGS_Stripes; FURRY_THEME_Predator_Prey.",FURRY
FURRY_Turtle_Anthro,"(anthro turtle:1.4), (anthropomorphic turtle:1.3), shell on back, turtle beak, green scaly skin, turtle shell, chelonian anthro, tortoise anthro, armored back","human, no shell, lizard, soft back",Turtle / tortoise anthro — shell on back. Combos: FURRY_SCENE_Underwater; FURRY_BODY_Thicc; FURRY_MARKINGS_Scales.,FURRY
FURRY_Wolf_Anthro,"(anthro wolf:1.4), (anthropomorphic wolf:1.3), wolf girl furry, wolf muzzle, wolf ears, wolf tail, canine body, fur covered, wolf anthro, grey fur wolf","human, no fur, cat, smooth",Anthropomorphic wolf. Combos: BODY_Muscular_Fit; dominant themes. Note: remove BASE_Anti_Furry.,FURRY
GENITALS_Anal_Gaping,"(anal gaping:1.4), (gaping anus:1.3), stretched asshole, open anus, post-anal gape, wide open anus, gaping rear","tight, closed, intact",Anal gaping. Combos: ACTION_Fisting_Anal; ACTION_Penetration_Anal; GENITALS_Anus_Focus.,GENITALS
GENITALS_Anus_Focus,"anus, anal focus, (spread anus:1.3), asshole, butthole, rear view, detailed anus, puckered anus, tight anus","censored, covered, no anus",Anal area focus,GENITALS
GENITALS_Anus_Puffy,"1girl, (puffy anus:1.3), (puffy asshole:1.2), swollen anus, plump anal ring, fleshy anus, prominent puffy rear hole","flat, tight, gaping, minimal",Puffy / swollen anus. Combos: GENITALS_Anus_Focus; CAMERA_Ass_Focus; GENITALS_Vagina_Puffy (full puffy combo).,GENITALS
GENITALS_Barbed,"(barbed penis:1.4), (feline penis:1.3), barbs on shaft, spined cock, cat penis, backwards-facing barbs, textured feline cock, rough shaft","smooth, human penis, horse cock, knot",Barbed / feline penis — small spines. Combos: FURRY_Cat_Anthro; FURRY_Tiger_Anthro; FURRY_Lion_Anthro; FURRY_Panther_Anthro.,GENITALS
GENITALS_Clit_Focus,"1girl, (clitoris:1.4), (clit focus:1.3), enlarged clit, prominent clitoris, clitoral detail, visible clit, erect clitoris, swollen clit","hidden, covered, no detail",Clitoris focus. Combos: GENITALS_Pussy_Detailed; ACTION_Cunnilingus; ACCESSORY_Vibrator_External.,GENITALS
GENITALS_Cloaca,"(cloaca:1.4), (cloacal opening:1.3), reptile genitals, single vent, all-purpose opening, reptilian slit, bird cloaca, hidden genitals in slit","human genitals, separate openings, mammal, penis external",Cloaca — single vent (reptile/bird anatomy). Combos: FURRY_Lizard_Anthro; FURRY_Bird_Harpy; FURRY_Dragon_Anthro; FURRY_Snake_Naga.,GENITALS
GENITALS_Cum_Knot_Lock,"(knotted inside:1.4), (locked by knot:1.3), knot tie, stuck together, swollen knot trapped inside, cannot pull out, knot lock, breeding lock, tied together","pulled out, separated, no knot, free","Knot lock — knot swollen inside, partners locked. Combos: FURRY_GENITALS_Knot; FURRY_ACTION_Knotting; FURRY_THEME_Mating.",GENITALS
GENITALS_Egg_Laying,"(laying eggs:1.4), (egg from cloaca:1.3), egg birth, oviposition anthro, egg emerging from body, clutch of eggs, egg-heavy belly, birthing eggs","mammal birth, no eggs, pregnant belly, cum",Egg laying — for oviparous species. Combos: FURRY_GENITALS_Cloaca; FURRY_Bird_Harpy; FURRY_Lizard_Anthro; FURRY_Dragon_Anthro.,GENITALS
GENITALS_Female_Pussy,"1girl, pussy, vagina, cameltoe, slit, labia, no penis, female genitals","futanari, penis, cock, dickgirl, balls, testicles, futa",Strictly female genitals (anti-futa),GENITALS
GENITALS_Hemipenis,"(hemipenis:1.4), (double penis:1.3), twin shafts, reptile dual cock, forked penis, two-headed cock, hemipenes, split penis tip","single penis, human, mammal, one shaft",Hemipenis — reptile dual penis. Combos: FURRY_Snake_Naga; FURRY_Lizard_Anthro; FURRY_Dragon_Anthro.,GENITALS
GENITALS_Horse_Cock,"(horse cock:1.5), (equine penis:1.4), flared head, medial ring, horse shaft, enormous equine cock, flat glans, veiny horse penis","human penis, canine, knot, small, pointed","Horse / equine penis — flared, medial ring. Combos: FURRY_Horse_Anthro; any large species; FURRY_GENITALS_Sheath.",GENITALS
GENITALS_Knot,"(knotted penis:1.5), (canine knot:1.4), knot at base, bulbus glandis, swollen knot, canine cock, knotting, enlarged base, locked in by knot","human penis, smooth shaft, no knot, horse cock",Canine knot — bulge at base of penis. Iconic furry genital. Combos: FURRY_Wolf_Anthro; FURRY_Fox_Anthro; FURRY_Dog_Anthro; FURRY_ACTION_Knotting.,GENITALS
GENITALS_Penis_Average,"(average penis:1.2), normal size cock, regular sized penis, proportional dick, medium length cock, realistic size penis","huge cock, monster cock, horse cock, tiny",Average realistic penis. Combos: any hetero/male action. Less extreme than GENITALS_Penis_Huge.,GENITALS
GENITALS_Penis_Huge,"(huge penis:1.5), (gigantic cock:1.4), (massive dick:1.4), (impossibly large penis:1.3), oversized cock, thick shaft, veiny penis, throbbing penis, monster cock","small penis, tiny dick, average, no penis, flat",Extremely large penis,GENITALS
GENITALS_Penis_Small,"(small penis:1.3), (tiny cock:1.2), small dick, little penis, below average, short penis, SPH target","huge cock, large, monster cock",Small penis. Combos: THEME_Femdom; EXPRESSION_Contemptuous; EXPRESSION_Disapproval. Common in SPH/femdom.,GENITALS
GENITALS_Prehensile,"(prehensile penis:1.4), (grasping cock:1.3), flexible penis, self-moving shaft, tentacle-like cock, wrapping penis, dexterous cock, curling penis","rigid, stiff, human, normal, straight",Prehensile / flexible penis — can move on its own. Exotic/fantasy. Combos: FURRY_Elephant_Anthro; FURRY_Dolphin_Anthro; fantasy species.,GENITALS
GENITALS_Pubic_Hair_On_Face,"(pubic hair on face:1.4), (pubes pressed against face:1.3), pubic hair stuck to cheeks, bush against mouth, intimate hair on skin, pubic hair transfer to face, dark curly hair on face","clean face, no hair on face, shaved, bare, paint on face, marking on face, tattoo on face, dirt on face",Pubic hair on face — result of facesitting/oral. Improved negatives block false paint/dirt artifacts. Combos: ACTION_Facesitting; ACTION_Cunnilingus; CAMERA_Face_Close.,GENITALS
GENITALS_Pussy_Detailed,"1girl, detailed pussy, (spread pussy:1.3), pussy focus, visible labia, pink pussy, wet pussy, pussy juice, dripping pussy, glistening pussy, clitoris, detailed genitals","censored, mosaic, bar censor, covered, clothed crotch, penis",Detailed female genitals,GENITALS
GENITALS_Sheath,"(penile sheath:1.4), (sheathed penis:1.3), retractable penis, furry sheath, cock emerging from sheath, partially unsheathed, animal genital sheath","human penis, fully exposed always, no sheath",Penile sheath — retractable. Combos: any canine/feline species; FURRY_GENITALS_Knot; semi-aroused states.,GENITALS
GENITALS_Slit,"(genital slit:1.4), (hidden slit genitals:1.3), concealed genitals in slit, dolphin slit, smooth crotch with opening, aquatic genital slit","external genitals, human, always visible, fur-covered",Genital slit — concealed opening (aquatic/reptile). Combos: FURRY_Dolphin_Anthro; FURRY_Shark_Anthro; FURRY_Snake_Naga.,GENITALS
GENITALS_Testicles_Large,"(large testicles:1.4), (huge balls:1.3), heavy balls, sagging balls, full balls, hanging balls, swollen testicles","no balls, hidden, flat, small balls",Large visible testicles,GENITALS
GENITALS_Vagina_Gaping,"1girl, (vaginal gaping:1.4), (gaping pussy:1.3), stretched vagina, open vagina, gaping hole, post-sex gape, wide open pussy","tight, closed, intact, virgin",Vaginal gaping. Combos: ACTION_Fisting_Vaginal; FLUIDS_Creampie_Dripping; STATE_Exhausted_Used.,GENITALS
GENITALS_Vagina_Puffy,"1girl, (puffy pussy:1.3), (puffy vulva:1.2), swollen labia, puffy labia, plump vulva, fleshy labia, puffy slit","flat, minimal, neat",Puffy vulva. Combos: GENITALS_Pussy_Detailed; CAMERA_Pussy_Focus; BODY_Thicc_Voluptuous.,GENITALS
GROUP_FFFM,"(3girls:1.2), 1boy, harem, foursome, three girls one boy, group sex, multiple females, FFFM","solo, couple, single female",3 girls 1 boy FFFM,GROUP
GROUP_FFM,"(2girls:1.2), 1boy, threesome, two girls one boy, FFM threesome, double team female","solo, one girl",2 girls 1 boy FFM,GROUP
GROUP_Lesbian_Couple,"(2girls:1.3), yuri, lesbian couple, two women, girl on girl, female couple, 2 girls together, lesbian pair, girls together","1boy, male, hetero",Two girls / lesbian couple. Combos: THEME_Lesbian_Yuri; ACTION_Lesbian_Kiss; ACTION_Lesbian_Tribbing.,GROUP
GROUP_Lesbian_Threesome,"(3girls:1.3), yuri threesome, three women, lesbian trio, all girls group, 3 girl trio, triple yuri","1boy, male, hetero",Three-girl lesbian threesome. Combos: THEME_Lesbian_Yuri; GROUP_Lesbian_Couple (add third).,GROUP
GROUP_MMF,"(2boys:1.2), 1girl, threesome, two boys one girl, MMF threesome, spitroast setup","solo, one boy",2 boys 1 girl MMF,GROUP
GROUP_MMMF,"(3boys:1.2), 1girl, gangbang, three boys one girl, foursome, MMMF group sex","solo, single male",3 boys 1 girl MMMF,GROUP
GROUP_Orgy_Gangbang,"(multiple people:1.3), (orgy:1.3), (4+people:1.2), mass sex, group orgy, multiple participants, many partners, sex party, large group sex, multiple penetration","solo, couple, duo",Large orgy/gangbang. Combos: THEME_Gangbang_Multiple; FLUIDS_Excessive_Cum; SCENE_Bedroom.,GROUP
GROUP_Reverse_Gangbang,"1boy, (multiple females:1.3), (surrounded by girls:1.2), reverse gangbang, many women one man, female horde, group of girls on one guy","solo female, normal gangbang, one girl",Reverse gangbang — multiple females on one male. Combos: THEME_Femdom; GROUP_FFFM.,GROUP
GROUP_Solo_Male,"1boy, solo male, (man alone:1.2), single male character, male solo, one boy, male only","female, group, multiple",Solo male character. Combos: RACE_Orc_Male; BODY_Male_Muscular; NTR scenarios.,GROUP
GROUP_Threesome_Gen,"threesome, 3 people, trio, three person sex","solo, couple",Threesome general,GROUP
GROUP_Yaoi,"(2boys:1.3), (yaoi:1.3), (male x male:1.2), two men, boys love, BL, gay couple, man on man","female, girl, straight, yuri",Yaoi / BL male couple. Combos: THEME_Maledom; BODY_Male_Muscular; POSE_Missionary.,GROUP
MARKINGS_Albino,"(albino anthro:1.4), (pure white fur:1.3), white fur, red or pink eyes, pale skin underneath, leucistic, snow white coloring, albinism, white coat","dark fur, colored, normal pigment, brown","Albino / leucistic — pure white fur, red/pink eyes. Combos: any species; FURRY_Axolotl_Anthro; LIGHTING_Night_Moonlit.",MARKINGS
MARKINGS_Bicolor,"(bicolor fur:1.3), (two-tone fur:1.2), half and half coloring, split color pattern, dual colored coat, contrasting fur halves, chimera pattern","solid single color, spotted, striped",Bicolor / two-tone fur split. Combos: FURRY_Orca_Anthro; FURRY_Red_Panda_Anthro; any species as variant.,MARKINGS
MARKINGS_Bioluminescent,"(bioluminescent markings:1.4), (glowing fur patterns:1.3), glowing lines on body, neon glow marks, light-emitting spots, luminous patterns, glowing stripes, bio-light","no glow, matte, dull, normal fur",Bioluminescent / glowing markings. Combos: LIGHTING_Dim_Dark; FURRY_Moth_Anthro; FURRY_Gecko_Anthro; FURRY_Axolotl_Anthro; FURRY_Phoenix_Anthro.,MARKINGS
MARKINGS_Calico,"(calico pattern:1.3), (tri-color fur:1.2), orange white and black patches, tortoiseshell, calico cat pattern, patched fur, multicolor patchwork","solid color, two-tone only, stripes only",Calico / tortoiseshell — 3-color patches. Combos: FURRY_Cat_Anthro primarily; can apply to any furred species.,MARKINGS
MARKINGS_Iridescent,"(iridescent scales:1.3), (rainbow sheen:1.2), color-shifting surface, prismatic reflection, holographic shimmer, opal-like fur, pearlescent coating","matte, flat color, dull, no shimmer",Iridescent / color-shifting surface. Combos: FURRY_Dragon_Anthro; FURRY_Shark_Anthro; FURRY_Snake_Naga; LIGHTING_Neon_Colorful.,MARKINGS
MARKINGS_Melanistic,"(melanistic anthro:1.4), (jet black fur:1.3), all-black fur, melanistic coloring, shadow-dark coat, midnight black, dark mutation, solid black body","white, light colored, albino, bright",Melanistic — all-black variant. Combos: FURRY_Panther_Anthro; FURRY_Wolf_Anthro; LIGHTING_Dim_Dark; LIGHTING_Night_Moonlit.,MARKINGS
MARKINGS_Piebald,"(piebald fur:1.3), (irregular white patches:1.2), pinto pattern, white splotches, asymmetric markings, cow-like patches, paint markings","solid color, uniform, no patches, stripes",Piebald — irregular white patches on colored base. Combos: FURRY_Cow_Anthro; FURRY_Horse_Anthro; FURRY_Dog_Anthro.,MARKINGS
MARKINGS_Scales,"(visible scales:1.3), (scaly body:1.2), reptile scales, overlapping scales, armored scale plates, iridescent scales, hard scale covering","fur, fluffy, feathers, smooth mammal skin",Visible scale pattern — for reptile/dragon/fish species. Combos: FURRY_Dragon_Anthro; FURRY_Lizard_Anthro; FURRY_Crocodile_Anthro; FURRY_Snake_Naga.,MARKINGS
MARKINGS_Scarred,"(scarred anthro:1.3), (battle scars on fur:1.2), claw marks, healed wounds, torn ear, missing fur patch, warrior scars, tough veteran look","pristine, perfect fur, no marks, smooth","Battle scars — torn ear, claw marks, etc. Combos: FURRY_BODY_Muscular; FURRY_THEME_Pack_Alpha; veteran/warrior characters.",MARKINGS
MARKINGS_Spots,"(spotted fur:1.3), (spot pattern:1.2), leopard spots, dalmatian dots, rosettes, dappled fur, polka dot markings, spotted body","solid color, stripes, plain, no markings",Spotted fur pattern. Combos: FURRY_Deer_Anthro (fawn); FURRY_Hyena_Anthro; FURRY_Gecko_Anthro.,MARKINGS
MARKINGS_Stripes,"(striped fur:1.3), (tiger stripes:1.2), banded fur pattern, tabby stripes, dark stripes on lighter fur, striped body, horizontal stripe pattern","solid color, spots, plain, no markings",Striped fur pattern. Combos: FURRY_Tiger_Anthro; FURRY_Hyena_Anthro; any species as variant.,MARKINGS
MARKINGS_Tribal,"(tribal markings:1.3), (war paint:1.2), tribal tattoos on fur, painted markings, primitive decorations, warrior marks, ritual body paint, clan symbols on body","clean, no markings, modern, no paint",Tribal / war paint markings over fur. Combos: FURRY_THEME_Primal; STYLE_Dark_Fantasy; SCENE_Forest_Outdoor.,MARKINGS
POSE_All_Fours_Display,"1girl, (on all fours:1.3), (presenting on hands and knees:1.2), all fours display, showing off on all fours, not yet penetrated, exhibiting rear","being penetrated, standing, lying",On all fours display — presentation only. Different from POSE_Doggystyle. Combos: ACTION_Showing_Ass; ARCHETYPE_Catgirl.,POSE
POSE_Arched_Back,"arched back, (back curve:1.2), flexible spine, chest thrust forward, dramatic arch, curved spine, body arched","slouched, hunched, straight back",Arched back,POSE
POSE_Ass_Up_Face_Down,"ass up face down, face down ass up, presenting ass, rear presentation, butt raised, face pressed down, downward dog","upright, standing",Face down ass up,POSE
POSE_Bent_Over,"bent over, bending forward, bent at waist, leaning forward, ass presented, offering ass, bent position","upright, straight, standing",Bent over,POSE
POSE_Body_Bent,"body bent, folded body, extreme flexibility, pretzel pose, body contortion, extreme bend","normal posture, rigid",Body bent extreme,POSE
POSE_Chair_Sex,"(chair sex:1.3), (sex on chair:1.2), seated intercourse, fucking on chair, riding on chair, chair penetration, desk chair sex","lying, standing, floor",Sex on chair. Combos: SCENE_Office; POSE_Cowgirl on chair; ARCHETYPE_Office_Lady.,POSE
POSE_Cowgirl,"cowgirl position, (girl on top:1.3), riding, woman on top, straddling, riding cock, bouncing on dick, reverse cowgirl","on bottom, underneath",Cowgirl,POSE
POSE_Doggystyle,"doggystyle, from behind, rear entry, doggy position, on all fours, ass up face down, bent over, from behind position","face to face, missionary",Doggystyle,POSE
POSE_From_Behind,"from behind, doggy style, back view, ass focus, sex from behind, rear entry, penetration from behind","face to face, front view",From behind,POSE
POSE_Full_Nelson,"full nelson, (arms restrained behind head:1.3), helpless, chest thrust out, vulnerable, lifted off ground, held in full nelson","free, unrestrained, standing",Full nelson,POSE
POSE_Hogtied,"hogtied, (rope bondage:1.3), hands and feet tied together, arched back, completely restrained, immobilized, hogbound","free, untied, unrestrained",Hogtied,POSE
POSE_Jack_O_Challenge,"jack-o challenge, ass up, head down, arched back, spreading cheeks, provocative pose, knees bent, jack-o pose","normal standing, upright",Jack-o challenge,POSE
POSE_Kabedon,"(kabedon:1.4), (hand against wall:1.3), pinned to wall, wall slam, cornered, dominant wall lean, trapped against wall, arm over shoulder wall","open space, lying, distance",Kabedon — pinned against wall. Combos: THEME_Maledom; EXPRESSION_Fear; EXPRESSION_Embarrassed.,POSE
POSE_Lap_Dance,"1girl, (lap dance:1.3), straddling lap, dancing on lap, sitting on lap grind, erotic lap dance, grinding in lap","standing, lying, distant",Lap dance. Combos: ACTION_Grinding_Rubbing; SCENE_Strip_Club; ARCHETYPE_Stripper.,POSE
POSE_Leg_Lock,"leg lock, (legs wrapped around waist:1.2), (legs crossed behind back:1.2), mating press, locking partner in, ankles locked","untangled, separate, distance",Leg lock,POSE
POSE_Legs_Behind_Head,"legs behind head, flexible, contortionist, extreme flexibility, legs folded back, acrobatic position","normal position, standing",Legs behind head,POSE
POSE_Legs_Crossed,"1girl, (legs crossed:1.3), cross-legged sitting, legs crossed over each other, seated crossed legs, knees crossed, thighs crossed, sitting with crossed legs","spread legs, open legs, standing",Legs crossed. Combos: ARCHETYPE_Office_Lady; SCENE_Office; CAMERA_Full_Body. More demure/composed than POSE_Sitting.,POSE
POSE_Mating_Press,"mating press, (legs pinned back:1.3), legs over head, deep penetration position, folded position, legs pressed down, breeding press","standing, normal position",Mating press,POSE
POSE_Missionary,"missionary position, face to face, on back, legs spread, facing each other, lying missionary, traditional position","from behind, standing",Missionary,POSE
POSE_On_Knees,"on knees, kneeling, kneeling position, knees on ground, submissive kneeling, kneeling posture","standing, lying, sitting",Kneeling,POSE
POSE_On_Stomach_After,"1girl, lying on stomach, after sex, exhausted after sex, messy hair, fluids on back, post-sex collapse, spent, passed out","active, energetic, sitting up",On stomach after sex,POSE
POSE_Piledriver,"(piledriver position:1.4), (legs folded overhead:1.3), shoulders on bed, legs over head, vertical penetration, extreme deep position","standing, sitting, normal position",Piledriver. Combos: ACTION_Penetration_Vaginal; BODY_Petite_Small; THEME_Maledom.,POSE
POSE_Prone_Bone,"prone bone, lying on stomach during sex, ass up slightly, face turned sideways, flat on bed, prone position sex","standing, sitting, face up",Prone bone,POSE
POSE_Reverse_Cowgirl,"1girl, (reverse cowgirl:1.4), (girl on top facing away:1.3), riding facing feet, back-facing cowgirl, back to partner, riding backward","facing forward, missionary",Reverse cowgirl. Ass visible — different from POSE_Cowgirl. Combos: CAMERA_Ass_Focus; BODY_Thicc_Voluptuous.,POSE
POSE_Seiza,"1girl, (seiza:1.3), (japanese kneeling:1.2), sitting on heels, formal japanese sit, traditional kneel, submissive formal sit","casual sitting, chair, lying",Seiza — Japanese formal kneeling. Combos: ARCHETYPE_Shrine_Maiden; THEME_BDSM_Submission.,POSE
POSE_Sitting,"1girl, sitting, sitting down, seated pose, relaxed seated, sitting on surface, comfortable sit","standing, lying down",Sitting pose,POSE
POSE_Sitting_Split,"1girl, sitting split, legs fully apart on ground, horizontal split, flexibility, open legs wide, crotch view","standing, closed legs",Sitting split,POSE
POSE_Sitting_Stool_Display,"1girl, (sitting on stool:1.3), (legs apart on stool:1.2), perched on bar stool, open legs seated, genital display while sitting, inviting seated pose, spread on chair","standing, lying, closed legs, floor",Sitting on stool/chair with legs apart — inviting display pose. Combos: POSE_Spread_Legs; SCENE_Strip_Club; CAMERA_Pussy_Focus; EXPRESSION_Inviting.,POSE
POSE_Spread_Legs,"1girl, (spread legs:1.4), legs apart, legs wide open, m-legs, open legs, displaying pussy, legs open invitation","closed legs, together, standing",Static legs-open position; emphasis on the open stance. Combos: GENITALS_Pussy_Detailed; CAMERA_Pussy_Focus. NOTE — STATIC display; see POSE_Spreading_Legs for active spreading.,POSE
POSE_Spreading_Legs,"1girl, spreading legs, pulling legs apart, holding legs open, open crotch, displaying genitals, legs held wide","closed legs, together",Active motion — character is in the act of pulling legs apart. Combos: CAMERA_From_Below; GROUP_MMF setup. NOTE — DYNAMIC action; see POSE_Spread_Legs for the static held-open version.,POSE
POSE_Squat_Spread,"1girl, (squatting:1.3), (spread squat:1.2), squatting with legs apart, wide squat, deep squat spread, crouching legs open, slavic squat spread, crotch visible squat","standing, sitting on chair, lying, closed legs",Squatting with spread legs — different from POSE_Squat_Toilet (no toilet context). Combos: CAMERA_Pussy_Focus; CAMERA_From_Below; GENITALS_Pussy_Detailed.,POSE
POSE_Squat_Toilet,"squatting, squat toilet, asian squat, toilet scene, restroom, wide stance squat, full squat, crouching over toilet","standing, lying, western toilet",Squat toilet,POSE
POSE_Standing_Sex,"standing sex, standing position, against wall, vertical sex, wall sex, standing fuck, standing intercourse","lying, sitting",Standing sex,POSE
POSE_Stuck_In_Wall,"1girl, (stuck in wall:1.4), (body through wall:1.3), lower body protruding from wall, trapped in wall, ass sticking out of wall, helpless wall stuck, only hips and legs visible","free, standing, no wall, fully visible","Stuck in wall — classic hentai trope. Lower body exposed, upper body hidden. Combos: THEME_Public_Use; THEME_Non_Con; CAMERA_Ass_Focus; ACTION_Penetration_Vaginal.",POSE
SCENE_Alley_Street,"dark alley, back alley, street, urban, city alley, dirty alley, narrow alley, against wall, outdoor alley","indoor, clean, bedroom",Dark alley setting,SCENE
SCENE_Bathroom_Shower,"bathroom, shower, bathtub, (wet setting:1.2), shower scene, bath, bathroom stall, steamy bathroom, tiles, hot steam","outdoor, bedroom, dry location",Bathroom shower,SCENE
SCENE_Beach,"beach, sand, ocean, seaside, beach setting, shoreline, coastal, sunny beach, tropical beach, waves","indoor, urban, cold",Beach setting,SCENE
SCENE_Bedroom,"bedroom, bed, on bed, bedroom setting, in bed, lying on bed, bedsheets, pillows, bedroom background, intimate setting","outdoor, public, standing",Bedroom setting,SCENE
SCENE_Breeding_Chamber,"(breeding chamber:1.3), (monster breeding pit:1.2), organic walls, fleshy interior, egg sacs, mucus-coated floor, pulsating walls, alien hive interior, biomechanical breeding room","clean, modern, bedroom, outdoor, mechanical",Monster breeding chamber / hive interior. Combos: ACTION_Oviposition; THEME_Monster_Breeding; THEME_Monster_Tentacle; LIGHTING_Dim_Dark.,SCENE
SCENE_Car,"(inside car:1.3), (car interior:1.2), back seat, car sex, vehicle interior, car window steamed, parked car, car backseat","outdoor open, home, public place",Car interior. Combos: THEME_NTR_Cheating; LIGHTING_Dim_Dark; CLOTHES_Partially_Clothed.,SCENE
SCENE_Cave,"(cave interior:1.3), (cavern:1.2), stalactites, crystal cave, glowing minerals, dark cave, underground grotto, bat cave, dragon cave, rocky interior","outdoor, bright, modern, surface",Cave / cavern. Combos: FURRY_Bat_Anthro; FURRY_Dragon_Anthro; FURRY_Bear_Anthro; LIGHTING_Fire_Glow.,SCENE
SCENE_Changing_Room,"(changing room:1.3), (fitting room:1.2), dressing room, store changing room, fitting booth, mirror in changing room, curtain","outdoor, bedroom, bathroom",Changing room. Combos: THEME_Voyeurism; CLOTHES_Partially_Clothed; NTR scenarios.,SCENE
SCENE_Church,"(church interior:1.3), (chapel:1.2), church pews, altar, stained glass, cathedral, cross on wall, religious building interior","outdoor, modern, secular",Church / chapel. Combos: ARCHETYPE_Nun; ARCHETYPE_Priestess; THEME_Corruption_Moral.,SCENE
SCENE_Den,"(animal den:1.3), (cozy burrow:1.2), underground den, warm nest, fur-lined den, hidden burrow, sheltered den, home lair, comfortable burrow","outdoor, modern room, bedroom, open field",Animal den / burrow — cozy intimate space. Combos: FURRY_Fox_Anthro; FURRY_Wolf_Anthro; FURRY_Rabbit_Anthro; FURRY_THEME_Mating.,SCENE
SCENE_Dungeon_Basement,"dungeon, basement, dark room, BDSM dungeon, chains on walls, stone walls, dark dungeon, underground room","bright, outdoor, normal room",Dungeon basement,SCENE
SCENE_Fantasy_Dungeon,"(fantasy dungeon:1.3), monster lair, fantasy underground, cave dungeon, torchlit cavern, monster cave, RPG dungeon, fantasy prison","modern BDSM dungeon, bedroom, clean",Fantasy RPG dungeon — different from SCENE_Dungeon_Basement. Combos: THEME_Monster_Tentacle; RACE_Dragon_Anthro.,SCENE
SCENE_Forest_Clearing,"(forest clearing:1.3), (moonlit glade:1.2), secluded clearing, natural open space in woods, grassy forest opening, dappled sunlight clearing, primal setting","indoor, urban, dense forest no opening",Forest clearing — open natural space. Combos: LIGHTING_Night_Moonlit; FURRY_THEME_Primal; FURRY_THEME_Mating.,SCENE
SCENE_Forest_Outdoor,"forest, trees, woodland, outdoor nature, under the trees, green forest, natural setting, forest floor","indoor, urban, city",Forest outdoor setting,SCENE
SCENE_Gym,"(gym:1.3), (locker room:1.2), fitness center, workout room, exercise machines, weight room, sports locker, after workout","outdoor, bedroom, office",Gym / locker room. Combos: ARCHETYPE_Cheerleader; BODY_Muscular_Fit; CLOTHES_Fitness_Wear.,SCENE
SCENE_Hot_Spring,"onsen, hot spring, steam, (hot spring water:1.2), japanese bath, thermal bath, steam rising, relaxing water","cold, indoor, dry setting",Onsen hot spring,SCENE
SCENE_Japanese_Night,"feudal japan, japanese architecture, wooden structure, (paper lanterns:1.2), torii gate, japanese garden, wooden floor, BREAK (night sky:1.2), full moon, stars, moonlight, blue night lighting, shadows, night atmosphere","daylight, modern, western architecture",Japanese feudal night scene,SCENE
SCENE_Kitchen,"(kitchen:1.3), kitchen counter, cooking area, kitchen setting, stove, kitchen tile, domestic kitchen","bedroom, outdoor, office",Kitchen. Combos: CLOTHES_Apron_Naked; ARCHETYPE_Maid; ARCHETYPE_Onee_San.,SCENE
SCENE_Love_Hotel,"love hotel, hotel room, motel, rented room, hotel bed, hotel setting, short-stay hotel","home, outdoor, public",Love hotel,SCENE
SCENE_Monster_Lair,"(monster lair:1.3), (creature den:1.2), bone-littered cave, dark cavern, monster nest, ominous cave, skulls and bones, damp cave floor, stalactites, glowing fungi","clean, modern, bright, bedroom, office",Monster lair / den — more primal than SCENE_Fantasy_Dungeon (RPG). Combos: RACE_Orc_Male; THEME_Non_Con; LIGHTING_Fire_Glow.,SCENE
SCENE_Nest,"(bird nest:1.3), (large nest:1.2), rooftop nest, cliff nest, tree nest, woven nest, feather-lined nest, egg nest, aerie, high perch nest","ground level, indoor, no nest, burrow","Bird/dragon nest — elevated, lined. Combos: FURRY_Bird_Harpy; FURRY_Dragon_Anthro; FURRY_ACTION_Nesting; FURRY_GENITALS_Egg_Laying.",SCENE
SCENE_Night_Club,"(nightclub:1.3), (dance club:1.2), club interior, dark club with lights, dance floor, club scene, VIP booth, nightlife setting","strip club, daytime, outdoor",Night club — different from SCENE_Strip_Club. Combos: ARCHETYPE_Gyaru; LIGHTING_Neon_Colorful.,SCENE
SCENE_Office,"office, desk, office desk, workplace, at work, office setting, corporate, desk sex, office room, cubicle","home, outdoor, casual",Office workplace,SCENE
SCENE_Pool,"(swimming pool:1.3), (poolside:1.2), pool water, tiles, pool ladder, outdoor pool, indoor pool","ocean, hot spring, bathroom",Swimming pool. Combos: CLOTHES_Swimsuit_School; CLOTHES_Micro_Bikini; CLOTHES_Swimsuit_Onepiece.,SCENE
SCENE_Prison_Cell,"(prison cell:1.3), (jail cell:1.2), iron bars, cell bars, concrete floor, small cell, prisoner setting, locked cell","free, outdoor, bedroom",Prison cell. Combos: THEME_Non_Con; THEME_BDSM_Bondage; ACCESSORY_Handcuffs.,SCENE
SCENE_Public_Outdoor,"public, outdoor, outside, public place, street, alley, park, risky location, open air, public sex","private, bedroom, indoor",Public outdoor location,SCENE
SCENE_Rooftop,"(rooftop:1.3), (city rooftop:1.2), building roof, urban rooftop, skyline view, roof at night","indoor, underground, basement",Rooftop urban. Combos: LIGHTING_Night_Moonlit; ARCHETYPE_Kunoichi; SCENE_Alley_Street adjacent.,SCENE
SCENE_School_Classroom,"classroom, school, desk, (school setting:1.2), after school, school building, chalkboard, empty classroom, school room","office, home, outdoors, students present",Empty classroom setting,SCENE
SCENE_Spaceship,"(spaceship interior:1.3), (sci-fi spacecraft:1.2), space station, metal walls, futuristic interior, zero gravity room, sci-fi environment","fantasy, medieval, outdoor nature",Spaceship / space station. Combos: RACE_Alien_Girl; ARCHETYPE_Android; STYLE_3D_Render.,SCENE
SCENE_Storage_Closet,"(storage closet:1.2), (supply closet:1.2), small room, cramped space, closet sex, utility room, tight space, secret small room","open space, bedroom, outdoor",Storage closet. Combos: THEME_Office_Romance; THEME_Student_Teacher; CLOTHES_Partially_Clothed.,SCENE
SCENE_Strip_Club,"(strip club:1.3), nightclub, (stage with pole:1.2), neon lights, dark club, strip club interior, lap dance setting, club stage, club chairs","outdoor, bedroom, bright",Strip club scene. Combos: ACTION_Pole_Dance; ACTION_Striptease; ARCHETYPE_Stripper; LIGHTING_Neon_Colorful.,SCENE
SCENE_Swamp,"(swamp setting:1.3), (marshy wetland:1.2), murky shallow water, cypress trees, hanging moss, foggy marsh, bog, humid swampland, amphibian habitat","dry, clean water, desert, indoor","Swamp / marsh — humid, murky. Combos: FURRY_Frog_Anthro; FURRY_Crocodile_Anthro; FURRY_Lizard_Anthro.",SCENE
SCENE_Toilet_Public,"(public restroom:1.2), public toilet, bathroom stall, tiled floor, bathroom cubicle, toilet visible, public WC, urinal background, restroom setting","bedroom, private, outdoor",Public toilet/restroom scene. Combos: POSE_Squat_Toilet; THEME_Public_Exhibition; CLOTHES_Partially_Clothed.,SCENE
SCENE_Train_Public,"train, train car, public transportation, subway, crowded train, train interior, on train, railway, commute","private, empty room, home",Train public transport,SCENE
SCENE_Under_Table,"(under table:1.3), (beneath desk:1.2), hidden under table, view from under desk, table overhead, legs visible, secret under-desk view, concealed position","on table, standing, open room, no table",Under table / desk perspective. Combos: ACTION_Oral_Blowjob; SCENE_Office; SCENE_School_Classroom; THEME_Student_Teacher.,SCENE
SCENE_Underwater,"(underwater scene:1.3), (submerged anthro:1.2), deep ocean, coral reef, aquatic environment, underwater cave, sunlight through water, bubbles, kelp forest","dry, above water, land, desert",Underwater environment. Combos: FURRY_Shark_Anthro; FURRY_Dolphin_Anthro; FURRY_Otter_Anthro; LIGHTING_Underwater.,SCENE
STATE_Ahegao_Extreme,"1girl, (ahegao:1.5), (rolled eyes:1.4), (crossed eyes:1.3), (tongue out:1.3), excessive drooling, fucked silly, mind break expression, pleasure face, eyes rolling back, exaggerated expression","normal face, closed mouth, composed, calm expression",Extreme ahegao expression,STATE
STATE_BBC_Addiction,"1girl, (bbc addiction:1.3), (cock drunk:1.2), addicted expression, devoted to cock, obsessed, can't-live-without-it face, lustful fixation, worshipful stare at penis","unimpressed, neutral, disgusted, rejecting",BBC addiction / cock-drunk state. Combos: THEME_QoS_Lifestyle; STATE_Heart_Eyes; STATE_Ahegao_Extreme; EXPRESSION_Lustful.,STATE
STATE_Blushing_Flushed,"1girl, (heavy blushing:1.3), flushed face, red face, blushing cheeks, heated face, embarrassed blush, aroused flush, pink cheeks, red ears","pale, normal color, calm",Heavy blushing,STATE
STATE_Confident_Dominant,"1girl, (confident expression:1.3), (dominant aura:1.2), powerful stance, self-assured, commanding presence, alpha energy, dominant personality","submissive, timid, scared, shy",Confident dominant state. Combos: THEME_Femdom; ARCHETYPE_Dominatrix; EXPRESSION_Smug.,STATE
STATE_Crying_Tears,"1girl, crying, tears, teary eyes, (tears streaming:1.3), sobbing, weeping, tear-stained face, watery eyes","dry eyes, no tears, happy",Crying with tears,STATE
STATE_Drugged_Aphrodisiac,"1girl, drugged, (aphrodisiac:1.3), forced arousal, chemical arousal, under influence, heightened sensitivity, uncontrollable lust","natural, sober, normal arousal, love potion, potion bottle, potion vial, magic potion",Drugged with aphrodisiac,STATE
STATE_Drunk_Intoxicated,"1girl, drunk, intoxicated, tipsy, flushed from drinking, dizzy, unfocused eyes, inebriated, wasted, under influence","sober, clear-headed, alert, focused",Intoxicated state,STATE
STATE_Egg_Stuffed,"1girl, (egg-filled belly:1.4), (eggs visible inside:1.3), distended stomach from eggs, round belly full of eggs, egg bulge, egg-stuffed, impregnated with eggs","flat stomach, normal pregnancy, cum inflation, empty",Belly full of monster eggs — aftermath of oviposition. Combos: ACTION_Oviposition; THEME_Monster_Breeding; FLUIDS_Cum_Inflation (similar belly).,STATE
STATE_Exhausted_Used,"1girl, exhausted, fucked out, worn out, passed out, collapsed, depleted, spent, used up, drained, barely conscious, limp after sex","energetic, fresh, active, alert",Post-sex exhaustion,STATE
STATE_Heart_Eyes,"1girl, (heart-shaped pupils:1.4), heart eyes, love eyes, hearts in eyes, lovestruck, infatuated, charmed, lovesick, hearts","normal eyes, regular pupils",Heart pupils,STATE
STATE_Hypnotized,"1girl, (hypnotized:1.4), (blank trance:1.3), trance state, glazed eyes, blank hypnotic expression, dazed, mesmerized blank, under hypnotic spell","alert, aware, focused, resisting",Hypnotized / trance — more subtle than STATE_Mind_Break. Combos: THEME_Hypnosis_Spiral; THEME_Mind_Control.,STATE
STATE_Lustful_Face,"1girl, lustful face, (bedroom eyes:1.3), heavy lidded eyes, seductive gaze, parted lips, flushed cheeks, heavy breathing, lewd expression, desire, hungry eyes, craving","blank, neutral, disgusted, afraid",Subtle seduction — bedroom eyes; heavy lids; parted lips. Quieter than EXPRESSION_Lustful. Combos: CAMERA_Face_Close; LIGHTING_Dim_Dark. Note: less intense than EXPRESSION_Lustful.,STATE
STATE_Mind_Break,"1girl, mind break, (empty eyes:1.4), (broken mind:1.3), defeated, lost sanity, mentally broken, blank stare, zombie eyes, braindead, no thoughts, broken will","sane, aware, alert, focused, cracked face, porcelain cracks, cracked skin, cracked doll",Mind break state,STATE
STATE_Nipples_Through_Clothes,"1girl, (nipples visible through clothing:1.3), (poking nipples through fabric:1.2), hard nipples through shirt, nipple bumps, erect nipples under clothes, see-through top nipples","topless, nude, thick clothing, padded bra",Nipples visibly poking/showing through clothing. Combos: CLOTHES_Sweater_Oversized; CLOTHES_Fitness_Wear; BREASTS_Nipples_Detailed.,STATE
STATE_Orgasming,"1girl, (orgasm:1.4), (climaxing:1.3), at moment of orgasm, cumming, peak climax, orgasmic release, mid-orgasm, tipping point","pre-orgasm, post-orgasm, calm",Mid-orgasm state. More specific than STATE_Pleasure_Ecstasy. Combos: FLUIDS_Squirting; ACTION_Forced_Orgasm.,STATE
STATE_Penis_Bulge,"(penis bulge:1.4), (bulge through clothes:1.3), visible bulge in pants, erection through fabric, cock outline through clothing, tent in shorts, noticeable crotch bulge","nude, no clothes, flat crotch, no bulge",Visible penis bulge through clothing. Combos: CLOTHES_Fitness_Wear; THEME_Teasing. Future: key style for Futa+Femboy addon.,STATE
STATE_Pleasure_Ecstasy,"1girl, (pleasure face:1.3), ecstasy, euphoric, orgasmic expression, intense pleasure, blissful, climax face, overwhelmed with pleasure, shaking, trembling","neutral face, calm, composed",Extreme pleasure,STATE
STATE_Post_Orgasm_Sensitivity,"1girl, (post-orgasm sensitivity:1.3), (overstimulated:1.3), too sensitive, recoiling from touch, oversensitive, flinching after orgasm, trembling sensitivity","climaxing, relaxed, normal",Post-orgasm oversensitivity. Combos: ACTION_Forced_Orgasm; ACCESSORY_Vibrator_External; STATE_Exhausted_Used.,STATE
STATE_Ruined_Makeup,"1girl, (ruined makeup:1.3), (smeared mascara:1.2), running eyeliner, tear-streaked makeup, smudged lipstick, messy cosmetics, makeup running down face, raccoon eyes","clean makeup, perfect makeup, no makeup, pristine",Ruined / smeared makeup. Combos: STATE_Crying_Tears; ACTION_Deepthroat; FLUIDS_Facial_Cumshot; STATE_Exhausted_Used.,STATE
STATE_Slime_Covered,"1girl, (slime covered:1.4), (covered in slime:1.3), gooey body, dripping slime, mucus on skin, sticky translucent goo, slime all over, viscous fluid covering body","clean, dry, normal, cum only, water","Covered in monster slime / goo. Different from FLUIDS (organic slime, not cum). Combos: RACE_Slime_Girl; THEME_Monster_Tentacle; STATE_Exhausted_Used.",STATE
STATE_Spank_Marks,"1girl, (spank marks:1.4), (red handprint on ass:1.3), slap marks on butt, reddened ass cheeks, welts on buttocks, spanking aftermath, bruised ass","clean skin, unmarked, no marks, no redness",Visible spank marks / red handprints on ass. Result of spanking. Combos: ACTION_Spanking; THEME_BDSM_Pain; THEME_Maledom.,STATE
STATE_Sweaty_Wet,"1girl, sweaty, (glistening skin:1.3), perspiration, wet body, sweat drops, sweaty skin, drenched in sweat, shiny from sweat, moist skin","dry, clean, matte skin",Sweaty glistening skin,STATE
STATE_Trembling,"1girl, (trembling:1.3), (shaking:1.2), body trembling, quivering, shuddering, nervous trembling, fearful shaking, arousal trembling","still, calm, composed, steady",Trembling / shaking. Combos: THEME_Non_Con; STATE_Pleasure_Ecstasy; ACTION_Forced_Orgasm.,STATE
THEME_Heat_Rut,"(in heat:1.4), (estrus:1.3), heat cycle, rutting season, uncontrollable arousal, mating drive, breeding urge, pheromones, desperate mating need, animal lust","calm, rational, no arousal, celibate",Heat / rut cycle — instinct-driven arousal. Core furry theme. Combos: FURRY_ACTION_Heat_Presenting; FURRY_ACTION_Scent_Marking; FURRY_THEME_Mating.,THEME
THEME_Mating,"(mating:1.4), (animal mating:1.3), primal sex, breeding instinct, pair bonding, mate claiming, mating ritual, feral mating, copulation, natural breeding","casual, platonic, no sex, artificial",Mating — primal breeding focus. Combos: FURRY_ACTION_Mounting; FURRY_ACTION_Knotting; FURRY_THEME_Heat_Rut; FURRY_ACTION_Biting_Nape.,THEME
THEME_Mating_Season,"(mating season:1.4), (breeding season:1.3), springtime heat, seasonal rut, all in heat, mass mating, population breeding, frenzy, overwhelming pheromones","off season, calm, no arousal, winter dormancy",Mating season — entire community in heat. Combos: FURRY_THEME_Heat_Rut; GROUP styles; FURRY_SCENE_Forest_Clearing.,THEME
THEME_Nocturnal,"(nocturnal:1.3), (night creature:1.2), active at night, glowing eyes in dark, moonlit anthro, night hunter, darkness dweller, bioluminescent glow, night vision","daytime, bright sun, morning, diurnal",Nocturnal creature theme. Combos: FURRY_Bat_Anthro; FURRY_Panther_Anthro; LIGHTING_Night_Moonlit; LIGHTING_Dim_Dark.,THEME
THEME_Pack_Alpha,"(alpha:1.4), (pack leader:1.3), dominant anthro, alpha male, alpha female, pack hierarchy, leading the pack, strongest in group, alpha dominant","submissive, omega, weak, follower, lone",Alpha / pack leader dynamic. Combos: FURRY_Wolf_Anthro; FURRY_Lion_Anthro; FURRY_BODY_Muscular; FURRY_ACTION_Biting_Nape.,THEME
THEME_Pack_Bond,"(pack bonding:1.3), (mate bond:1.2), pair bond, soul mates, bonded partners, mated pair, intimate connection, furry romance, devoted mates","strangers, enemies, casual, no bond",Pack bonding / mated pair — romantic furry dynamic. Combos: FURRY_ACTION_Grooming; FURRY_ACTION_Tail_Wrap; THEME_Vanilla_Romance.,THEME
THEME_Pack_Omega,"(omega:1.4), (pack omega:1.3), submissive anthro, bottom of hierarchy, omega submissive, bred by pack, serving alpha, lowest rank, omega in heat","dominant, alpha, leader, strong, defiant",Omega / pack bottom — A/B/O dynamic. Combos: FURRY_THEME_Heat_Rut; FURRY_THEME_Pack_Alpha; THEME_BDSM_Submission.,THEME
THEME_Pet_Play,"(furry pet play:1.3), (anthro as pet:1.2), trained pet, good boy good girl, on leash, pet behavior, domesticated anthro, obedient pet, house pet","wild, free, feral, alpha, independent",Pet play — anthro as domesticated pet. Combos: FURRY_CLOTHES_Collar; FURRY_Dog_Anthro; FURRY_Cat_Anthro; THEME_BDSM_Submission.,THEME
THEME_Predator_Prey,"(predator and prey:1.4), (hunter and hunted:1.3), predator chasing prey, caught by predator, submission to predator, natural order, food chain dynamic, wolf and rabbit","equal, same species, friends, no chase",Predator/prey dynamic — cross-species power play. Combos: FURRY_Wolf_Anthro + FURRY_Rabbit_Anthro; FURRY_Tiger_Anthro + FURRY_Deer_Anthro; EXPRESSION_Fear.,THEME
THEME_Primal,"(primal instinct:1.4), (feral behavior:1.3), raw animal nature, bestial, uncivilized, wild mating, primal urges, savage, untamed, carnal instinct","civilized, gentle, calm, rational, modern",Primal / feral instinct — raw animal behavior. Combos: FURRY_ACTION_Mounting; FURRY_ACTION_Biting_Nape; FURRY_THEME_Heat_Rut.,THEME
THEME_Size_Play,"(furry size difference:1.4), (size play:1.3), macro micro, huge and tiny, size mismatch, enormous partner, tiny partner, size contrast furry, held in palm","same size, equal, normal proportions",Size play — macro/micro or extreme size difference. Combos: FURRY_BODY_Macro; FURRY_BODY_Micro; FURRY_THEME_Predator_Prey.,THEME
THEME_Transformation,"(transformation:1.4), (human to anthro:1.3), transforming, mid-transformation, fur growing, tail emerging, ears changing, becoming anthro, TF, species change","fully transformed, fully human, no change, static",Human→anthro transformation — mid-TF state. Classic furry trope. Combos: THEME_Corruption_Physical; FURRY_THEME_Heat_Rut (triggered by).,THEME
